Entry	Gene Names (primary)	Gene Names (ordered locus)
P73411	zwf	slr1843
P73085	zntC	
Q55940	ziaR	sll0792
Q59998	ziaA	slr0798
P73273	ziaA	
Q46363	zam	sll1910
P73037	ytfC	
P0CJ64	yoeB	ssr2754.1
P74016	ymxG	
P74155	yidC	slr1471
P58235	yefM	ssr2754
P72908	yefA	
P73886	ychF	sll0245
P73069	ycf48	slr2034
P74508	ycf47	
Q55174	ycf46	
P72964	ycf45	
P72573	ycf40	
P72705	ycf4	sll0226
P74029	ycf39	
P74429	ycf39	
Q55618	ycf38	
Q55551	ycf37	
Q55866	ycf36	
Q55981	ycf35	
P74777	ycf34	
P74788	ycf33	
P74063	ycf3	slr0823
P73066	ycf23	
P73029	ycf22	
Q55628	ycf22	
P73322	ycf21	
P72826	ycf19	
Q55438	ycf12	sll0047
Q55142	ybeY	slr0053
Q55536	xylR	
P74492	xthA	
P72680	xerC	slr0733
P74653	vte5	slr1652
Q6ZEJ5	vapC	sll7003
Q6ZEN6	vapC	sll5094
P72993	vapC	
Q55189	vapC	
P72994	vapB	
Q55522	valS	slr0557
P73465	uvrD	
P73580	uvrC	sll0865
Q55170	uvrB	sll0459
P73412	uvrA	slr1844
P72955	ureG	sll0643
P73327	ureF	slr1899
P73462	ureE	
P73047	ureD	sll1639
P73061	ureC	sll1750
P74386	ureB	sll0420
P73796	ureA	slr1256
Q55482	uppS	sll0506
Q55684	uppP	sll0210
P72753	upp	sll1035
Q55931	umuC	
P72743	ubiX	slr1099
P73141	tyrS	slr1031
P73144	tyrS	
P73906	tyrA	
P73920	txlA	sll1980
P74227	tuf	sll1099
P74070	tsf	sll1261
P74415	tsaE	sll0257
P74034	tsaD	slr0807
P52231	trxA	slr0623
P72643	trx	
P74696	truB	slr0457
P73295	truA	sll1820
P73655	trpS	slr1884
Q55144	trpG	
P74435	trpF	sll0356
P74130	trpE2	slr1979
P20170	trpE	slr0738
P73617	trpD	slr1867
Q55508	trpC	slr0546
Q59992	trpB	slr0543
P77960	trpA	slr0966
Q55896	trmJ	slr0120
Q55692	trmFO	sll0204
P72828	trmD	sll1198
P73161	trmB	sll1300
Q55613	trhO	sll0765
Q59994	tpiA	slr0783
P73810	topA	slr2058
P73490	todF	
Q55593	tmk	slr0379
P73282	tktA	
P74192	tilS	slr1278
Q55511	tig	sll0533
P73053	thyX	sll1635
Q55806	thrS	sll0078
P74193	thrC	sll1172
P73711	thrC	
P73646	thrB	sll1760
Q55710	thiO/thiG	slr0633
P72787	thiL	slr1787
P72965	thiE	sll0635
Q55894	thiC	slr0118
P73956	thf1	sll1414
Q55983	tgt	slr0713
P54086	tatC	sll0194
P73435	tatA	ssl2823
P73010	tatA	slr1046
Q55444	tar	
P72797	tal	slr1793
P73717	tadA	sll1631
P74709	surE	sll1108
P74158	suhB	sll1383
P73806	suhB	
P74286	sucD	
P72927	sucC	
Q55034	stpA	slr0746
Q6ZE45		ssr8047
Q6ZE79		ssr8013
Q6ZEB4		ssr7084
Q6ZEB9		ssr7079
Q6ZEF8		ssr7040
Q6ZEG2		ssr7036
Q6ZEG3		ssr7035
Q6ZEI0		ssr7018
Q6YRQ5		ssr6099
Q6YRR5		ssr6089
Q6YRU2		ssr6062
Q6YRV6		ssr6048
Q6YRV8		ssr6046
Q6YRX2		ssr6032
Q6YRX4		ssr6030
Q6YRR8		ssr6027 ssr6086
Q6YRR9		ssr6026 ssr6085
Q6YRS1		ssr6024 ssr6083
Q6YRS5		ssr6020 ssr6079
Q6YRS6		ssr6019 ssr6078
Q6YS01		ssr6003
Q6YS02		ssr6002
Q6ZEK9		ssr5121
Q6ZEL0		ssr5120
Q6ZEL3		ssr5117
Q6ZEM4		ssr5106
Q6ZEN8		ssr5092
Q6ZEQ6		ssr5074
Q6ZEW0		ssr5020
Q6ZEW1		ssr5019
Q6ZEW9		ssr5011
Q6ZEX1		ssr5009
P73973		ssr3571
P73972		ssr3570
P73904		ssr3532
P73088		ssr3467
P73082		ssr3465
P73072		ssr3452
P73230		ssr3410
P73229		ssr3409
P73836		ssr3402
P74112		ssr3341
P74504		ssr3304
P74501		ssr3300
P73656		ssr3189
P73653		ssr3188
P73649		ssr3184
P73064		ssr3129
P73055		ssr3122
P72801		ssr3000
P72798		ssr2998
P72767		ssr2972
P73044		ssr2962
P73868		ssr2912
P73858		ssr2898
P73213		ssr2857
P73206		ssr2848
P73199		ssr2843
P74272		ssr2806
P74271		ssr2803
P74270		ssr2802
P74674		ssr2786
P74669		ssr2781
P74335		ssr2723
P73000		ssr2711
P72999		ssr2708
P72992		ssr2699
P73442		ssr2611
P73429		ssr2595
P73961		ssr2554
P73959		ssr2551
P73957		ssr2549
Q01904		ssr2439
P73517		ssr2422
P73506		ssr2406
P73181		ssr2333
P73169		ssr2318
P73166		ssr2317
P73164		ssr2315
P74026		ssr2227
P74009		ssr2201
P74005		ssr2194
P72838		ssr2153
P74201		ssr2130
P73792		ssr2087
P73779		ssr2078
P73499		ssr2067
P73494		ssr2062
P73492		ssr2061
P73491		ssr2060
P73478		ssr2047
P73358		ssr2016
P73347		ssr2009
P74255		ssr1951
P72639		ssr1853
P72917		ssr1768
P72914		ssr1766
P72913		ssr1765
P73129		ssr1698
P74326		ssr1600
P74780		ssr1562
P74779		ssr1558
P74769		ssr1528
P74768		ssr1527
P74767		ssr1513
P73578		ssr1499
P73557		ssr1480
P74775		ssr1407
P74056		ssr1391
P74031		ssr1375
P74641		ssr1258
P74639		ssr1256
P97152		ssr1176
P74807		ssr1175
P74805		ssr1169
P72960		ssr1155
P74580		ssr1114
P74801		ssr1041
P74800		ssr1038
P74799		ssr0871
P74700		ssr0817
P58236		ssr0761
P74378		ssr0759
P74377		ssr0756
P74793		ssr0693
P74791		ssr0692
P74434		ssr0657
P74784		ssr0536
P74790		ssr0349
P74798		ssr0336
P74797		ssr0332
P74471		ssr0256
P72574		ssr0109
Q6ZE51		ssl8041
Q6ZE53		ssl8039
Q6ZE64		ssl8028
Q6ZE68		ssl8024
Q6ZE82		ssl8010
Q6ZE84		ssl8008
Q6ZE87		ssl8005
Q6ZE89		ssl8003
Q6ZEC4		ssl7074
Q6ZEE5		ssl7053
Q6ZEE7		ssl7051
Q6ZEF0		ssl7048
Q6ZEF2		ssl7046
Q6ZEF3		ssl7045
Q6ZEF6		ssl7042
Q6ZEF9		ssl7039
Q6ZEG0		ssl7038
Q6ZEH6		ssl7022
Q6ZEH7		ssl7021
Q6ZEH8		ssl7020
Q6ZEH9		ssl7019
Q6ZEJ1		ssl7007
Q6ZEJ4		ssl7004
Q6YRR2		ssl6092
Q6YRU3		ssl6061
Q6YRW9		ssl6035
Q6YRS2		ssl6023 ssl6082
Q6YRS7		ssl6018 ssl6077
Q6ZEK1		ssl5129
Q6ZEK5		ssl5125
Q6ZEL6		ssl5114
Q6ZEL7		ssl5113
Q6ZEM2		ssl5108
Q6ZEM7		ssl5103
Q6ZEN0		ssl5100
Q6ZEN1		ssl5099
Q6ZEN2		ssl5098
Q6ZEN4		ssl5096
Q6ZEN5		ssl5095
Q6ZEN9		ssl5091
Q6ZER0		ssl5070
Q6ZER2		ssl5068
Q6ZER5		ssl5065
Q6ZER6		ssl5064
Q6ZET5		ssl5045
Q6ZEU1		ssl5039
Q6ZEU9		ssl5031
Q6ZEV3		ssl5027
Q6ZEV5		ssl5025
Q6ZEW5		ssl5015
Q6ZEX2		ssl5008
Q6ZEX3		ssl5007
Q6ZEX9		ssl5001
P73675		ssl3829
P73919		ssl3769
P73382		ssl3712
P73815		ssl3692
P73252		ssl3615
P74099		ssl3573
P74116		ssl3549
P73286		ssl3451
P73291		ssl3446
P73629		ssl3383
P73630		ssl3382
P73654		ssl3364
P73685		ssl3291
P73455		ssl3177
P73857		ssl3127
P74283		ssl3044
P74362		ssl2971
P72995		ssl2920
P74607		ssl2874
P73937		ssl2789
P73945		ssl2781
P73970		ssl2749
P72616		ssl2733
P74146		ssl2717
P74558		ssl2667
P73587		ssl2595
P73171		ssl2559
P74085		ssl2471
P74020		ssl2420
P72829		ssl2384
P73790		ssl2296
P73484		ssl2250
P73489		ssl2245
P74222		ssl2162
P74239		ssl2148
P74244		ssl2138
P72638		ssl2069
P72752		ssl2009
P72925		ssl1972
P73026		ssl1923
P73027		ssl1922
P73028		ssl1920
P73031		ssl1918
P73124		ssl1911
P74520		ssl1807
P72860		ssl1792
P74781		ssl1707
P73563		ssl1633
P74776		ssl1552
P74778		ssl1533
P74039		ssl1520
P74058		ssl1507
P74067		ssl1498
P74804		ssl1464
P74636		ssl1378
P72681		ssl1326
P72576		ssl1300
P74806		ssl1277
P74809		ssl1263
P74811		ssl1255
P74772		ssl1046
P74774		ssl1045
Q55520		ssl1004
P74691		ssl0832
P72570		ssl0788
P72571		ssl0787
P72572		ssl0769
P74792		ssl0750
P74794		ssl0738
Q55540		ssl0564
P74803		ssl0511
P74413		ssl0483
P73875		ssl0467
P73882		ssl0461
P73890		ssl0453
P73891		ssl0452
P73901		ssl0438
P72693		ssl0426
P72713		ssl0410
Q55772		ssl0353
P74795		ssl0352
P74796		ssl0350
Q55785		ssl0331
P74785		ssl0312
Q55568		ssl0296
P74786		ssl0294
P74458		ssl0259
P74470		ssl0242
Q55892		ssl0172
Q55499	ssb	slr0925
P73325	srrA	
P73128	sqdB	
P73981	spsC	
P73983	spsA	
Q55440	sps	
P73689	sppA	sll1703
P74007	spoT	slr1325
P73193	spoIID	
P73469	spkF	slr1225
P73515	spkE	slr1443
P54735	spkD	sll0776
P74745	spkC	slr0599
P74297	spkB	slr1697
Q9FAB3	spkA	sll1574/sll1575
Q55200	sphX	sll0679
Q55586	sphS	
P73270	speB2	sll1077
P72703	speB1	sll0228
P72587	speA2	slr1312
P74576	speA1	slr0662
P72669	sohA	
P77968	sodB	slr1516
P74808		smr0002
P74355	smpB	slr1639
P73345	smf	slr1197
P73340	smc	sll1120
Q55476	slt	
Q6ZE48		slr8044
Q6ZE54		slr8038
Q6ZE55		slr8037
Q6ZE56		slr8036
Q6ZE62		slr8030
Q6ZE63		slr8029
Q6ZE66		slr8026
Q6ZE69		slr8023
Q6ZE70		slr8022
Q6ZE71		slr8021
Q6ZE76		slr8016
Q6ZE77		slr8015
Q6ZE78		slr8014
Q6ZE96		slr7102
Q6ZE97		slr7101
Q6ZE98		slr7100
Q6ZE99		slr7099
Q6ZEA0		slr7098
Q6ZEA1		slr7097
Q6ZEA2		slr7096
Q6ZEA3		slr7095
Q6ZEA4		slr7094
Q6ZEA7		slr7091
Q6ZEB0		slr7088
Q6ZEB5		slr7083
Q6ZEB6		slr7082
Q6ZEB7		slr7081
Q6ZEB8		slr7080
Q6ZEC2		slr7076
Q6ZEC5		slr7073
Q6ZED0		slr7068
Q6ZED7		slr7061
Q6ZED8		slr7060
Q6ZED9		slr7059
Q6ZEE0		slr7058
Q6ZEE1		slr7057
Q6ZEE4		slr7054
Q6ZEE6		slr7052
Q6ZEE9		slr7049
Q6ZEF7		slr7041
Q6ZEG1		slr7037
Q6ZEG6		slr7032
Q6ZEH2		slr7026
Q6ZEH3		slr7025
Q6ZEH4		slr7024
Q6ZEH5		slr7023
Q6ZEI3		slr7015
Q6ZEI4		slr7014
Q6ZEI5		slr7013
Q6ZEI6		slr7012
Q6ZEI7		slr7011
Q6ZEI8		slr7010
Q6ZEJ0		slr7008
Q6ZEJ3		slr7005
Q6YRP4		slr6110
Q6YRP6		slr6108
Q6YRP7		slr6107
Q6YRP8		slr6106
Q6YRQ0		slr6104
Q6YRQ1		slr6103
Q6YRQ2		slr6102
Q6YRQ3		slr6101
Q6YRQ4		slr6100
Q6YRQ7		slr6097
Q6YRQ8		slr6096
Q6YRQ9		slr6095
Q6YRR0		slr6094
Q6YRR3		slr6091
Q6YRR4		slr6090
Q6YRU1		slr6063
Q6YRU6		slr6058
Q6YRU7		slr6057
Q6YRU8		slr6056
Q6YRV3		slr6051
Q6YRV4		slr6050
Q6YRV5		slr6049
Q6YRV7		slr6047
Q6YRV9		slr6045
Q6YRW0		slr6044
Q6YRW1		slr6043
Q6YRW2		slr6042
Q6YRW3		slr6041
Q6YRW4		slr6040
Q6YRW5		slr6039
Q6YRW6		slr6038
Q6YRX0		slr6034
Q6YRX1		slr6033
Q6YRX3		slr6031
Q6YRR6		slr6029 slr6088
Q6YRR7		slr6028 slr6087
Q6YRS0		slr6025 slr6084
Q6YRS3		slr6022 slr6081
Q6YRS4		slr6021 slr6080
Q6YRS9		slr6016 slr6075
Q6YRT0		slr6015 slr6074
Q6YRT1		slr6014 slr6073
Q6YRT2		slr6013 slr6072
Q6YRT3		slr6012 slr6071
Q6YRT4		slr6011 slr6070
Q6YRT6		slr6009 slr6068
Q6YRT7		slr6008 slr6067
Q6YRT8		slr6007 slr6066
Q6YRT9		slr6006 slr6065
Q6YRU0		slr6005 slr6064
Q6YS00		slr6004
Q6YS03		slr6001
Q6ZEK3		slr5127
Q6ZEK4		slr5126
Q6ZEK6		slr5124
Q6ZEL1		slr5119
Q6ZEL2		slr5118
Q6ZEL4		slr5116
Q6ZEL5		slr5115
Q6ZEL8		slr5112
Q6ZEL9		slr5111
Q6ZEM0		slr5110
Q6ZEM5		slr5105
Q6ZEM8		slr5102
Q6ZEM9		slr5101
Q6ZEN7		slr5093
Q6ZEP2		slr5088
Q6ZEP3		slr5087
Q6ZEP5		slr5085
Q6ZEP8		slr5082
Q6ZEQ2		slr5078
Q6ZEQ3		slr5077
Q6ZEQ7		slr5073
Q6ZEQ9		slr5071
Q6ZES2		slr5058
Q6ZES4		slr5056
Q6ZES5		slr5055
Q6ZES6		slr5054
Q6ZES7		slr5053
Q6ZES9		slr5051
Q6ZEU0		slr5040
Q6ZEU2		slr5038
Q6ZEU3		slr5037
Q6ZEV1		slr5029
Q6ZEV6		slr5024
Q6ZEV7		slr5023
Q6ZEV8		slr5022
Q6ZEV9		slr5021
Q6ZEW2		slr5018
Q6ZEW3		slr5017
Q6ZEW4		slr5016
Q6ZEW7		slr5013
Q6ZEW8		slr5012
Q6ZEX0		slr5010
Q6ZEX5		slr5005
P73681		slr2144
P73677		slr2141
P73998		slr2131
P73995		slr2128
P73994		slr2127
P73993		slr2126
P73992		slr2125
P73991		slr2124
P73990		slr2123
P73989		slr2122
P73988		slr2121
P73987		slr2120
P73986		slr2119
P73985		slr2118
P73984		slr2117
P73982		slr2115
P73980		slr2112
P73979		slr2111
P73978		slr2110
P73934		slr2105
P73932		slr2104
P73931		slr2103
P73929		slr2101
P73928		slr2100
P73927		slr2099
P73926		slr2098
P73924		slr2096
P73923		slr2095
P73922		slr2094
P73917		slr2092
P73909		slr2084
P73905		slr2080
P73381		slr2078
P73380		slr2077
P73371		slr2071
P73370		slr2070
P73816		slr2062
P73812		slr2060
P73811		slr2059
P73096		slr2053
P73094		slr2052
P73091		slr2048
P73090		slr2047
P73089		slr2046
P73087		slr2045
P73086		slr2044
P73079		slr2042
P73075		slr2038
P73074		slr2037
P73073		slr2036
P73256		slr2031
P73255		slr2030
P73249		slr2027
P73244		slr2025
P73243		slr2024
P73239		slr2019
P73238		slr2018
P73237		slr2017
P73236		slr2016
P73235		slr2015
P73233		slr2013
P73232		slr2012
P73231		slr2011
P73228		slr2010
P73226		slr2008
P73224		slr2006
P73222		slr2005
P73837		slr2004
P73834		slr2003
P73831		slr2000
P73830		slr1999
P73829		slr1998
P73822		slr1990
P74139		slr1983
P74138		slr1982
P74131		slr1980
P74129		slr1978
P74128		slr1977
P74124		slr1975
P74117		slr1972
P74114		slr1971
P74113		slr1970
P74108		slr1968
P74105		slr1966
P74102		slr1963
P74100		slr1962
P74097		slr1959
P74094		slr1958
P74093		slr1957
P74092		slr1956
P74513		slr1951
P74512		slr1950
P74511		slr1949
P74509		slr1946
P74506		slr1944
P74505		slr1943
P74500		slr1940
P74499		slr1939
P74491		slr1935
P74484		slr1932
P74483		slr1931
P74482		slr1930
P74481		slr1929
P74480		slr1928
P74479		slr1927
P74478		slr1926
P74474		slr1924
P74473		slr1923
P73122		slr1920
P73121		slr1919
P73116		slr1918
P73115		slr1917
P73114		slr1916
P73113		slr1915
P73110		slr1914
P73109		slr1913
P73108		slr1912
P73106		slr1911
P73104		slr1909
P73103		slr1908
P73102		slr1907
P73101		slr1906
P73331		slr1903
P73330		slr1902
P73329		slr1901
P73328		slr1900
P73324		slr1896
P73323		slr1895
P73321		slr1894
P73661		slr1888
P73657		slr1885
P73647		slr1880
P73635		slr1876
P73633		slr1875
P73624		slr1871
P73622		slr1870
P73621		slr1869
P73616		slr1866
P73615		slr1865
P73614		slr1864
P73613		slr1863
P73612		slr1862
P73611		slr1861
P73609		slr1859
P73607		slr1856
P73606		slr1855
P73605		slr1854
P73604		slr1853
P73603		slr1852
P73063		slr1851
P73057		slr1847
P73056		slr1846
P73409		slr1841
P73408		slr1840
P73404		slr1837
P73384		slr1827
P73383		slr1826
P73714		slr1821
P73712		slr1820
P73709		slr1819
P73706		slr1818
P73701		slr1816
P73700		slr1815
P73699		slr1814
P73698		slr1813
P73697		slr1812
P73696		slr1811
P73692		slr1809
P73691		slr1807
P73687		slr1805
P72814		slr1800
P72813		slr1799
P72804		slr1796
P72799		slr1794
P72789		slr1789
P72788		slr1788
P72777		slr1780
P72773		slr1778
P72770		slr1776
P72769		slr1774
P72768		slr1773
P72765		slr1772
P73052		slr1771
P73051		slr1770
P73049		slr1768
P73045		slr1767
P73042		slr1764
P73040		slr1763
P73039		slr1762
P73036		slr1760
P73035		slr1759
P73032		slr1753
P73459		slr1752
P73454		slr1748
P73738		slr1747
P73732		slr1740
P73731		slr1739
P73729		slr1738
P73727		slr1737
P73726		slr1736
P73721		slr1735
P73716		slr1732
P73861		slr1726
P73856		slr1724
P73852		slr1721
P73846		slr1717
P73838		slr1712
P73214		slr1708
P73211		slr1705
P73207		slr1704
P73200		slr1702
P73194		slr1699
P74295		slr1694
P74294		slr1693
P74293		slr1692
P74291		slr1690
P74284		slr1687
P74282		slr1686
P74280		slr1684
P74279		slr1683
P74277		slr1682
P74276		slr1681
P74265		slr1677
P74264		slr1676
P74262		slr1674
P74261		slr1673
P74259		slr1670
P74673		slr1668
P74672		slr1667
P74666		slr1664
P74664		slr1661
P74661		slr1660
P74660		slr1659
P74659		slr1658
P74658		slr1657
P74370		slr1648
P74369		slr1647
P74366		slr1644
P74354		slr1638
P74353		slr1636
P74350		slr1634
P74346		slr1629
P74345		slr1628
P74343		slr1627
P74339		slr1624
P72897		slr1619
P72896		slr1618
P72895		slr1617
P72894		slr1616
P72892		slr1614
P72891		slr1613
P72890		slr1612
P72889		slr1611
P72888		slr1610
P73004		slr1609
P73001		slr1608
P72990		slr1603
P72987		slr1601
P72985		slr1600
P72984		slr1599
P72976		slr1597
P72972		slr1594
P72971		slr1593
P72970		slr1592
P72969		slr1591
P72968		slr1590
Q79EE5		slr1588
P74628		slr1586
P74627		slr1585
P74626		slr1584
P74621		slr1583
P74611		slr1579
P74610		slr1577
P74609		slr1576
P74608		slr1575
P74606		slr1573
P74605		slr1572
P74604		slr1571
P74603		slr1570
P74600		slr1568
P74599		slr1567
P74597		slr1566
P74596		slr1565
P74594		slr1563
P74593		slr1562
P74588		slr1557
P73446		slr1552
P73433		slr1547
P73432		slr1546
P73430		slr1544
P73427		slr1543
P73425		slr1541
P73424		slr1540
P73422		slr1537
P73420		slr1535
P74220		slr1534
P74219		slr1533
P74212		slr1530
P74210		slr1529
P73968		slr1524
P73967		slr1523
P73966		slr1522
P73964		slr1520
P73958		slr1515
P73954		slr1513
P73953		slr1512
P73948		slr1508
P73947		slr1507
P73946		slr1506
P73943		slr1505
P73939		slr1503
P72625		slr1501
P72618		slr1495
P72613		slr1494
P72612		slr1493
P72607		slr1488
P72606		slr1485
P72605		slr1484
P74166		slr1478
P74160		slr1474
P74156		slr1472
P74154		slr1470
P74153		slr1468
P74152		slr1467
P74557		slr1464
P74555		slr1462
P74553		slr1461
P74549		slr1456
P74543		slr1451
P73523		slr1450
P73522		slr1449
P73516		slr1444
P73514		slr1442
P73512		slr1441
P73508		slr1440
P73504		slr1438
P73503		slr1437
P73502		slr1436
P74540		slr1431
P74538		slr1429
P74536		slr1428
P74530		slr1425
P74525		slr1421
P74524		slr1420
P74523		slr1419
P72731		slr1417
P72729		slr1415
P72728		slr1414
P72727		slr1413
P72725		slr1411
P73595		slr1410
P73594		slr1409
P73593		slr1407
P73592		slr1406
P73590		slr1403
P72936		slr1400
P73190		slr1398
P73189		slr1397
P73188		slr1396
P73187		slr1395
P73185		slr1394
P73184		slr1393
P73180		slr1391
P73168		slr1385
P73167		slr1384
P73165		slr1383
P73158		slr1378
P73156		slr1376
P73537		slr1363
P73535		slr1362
P73531		slr1357
P42350		slr1353
P74083		slr1344
P74080		slr1343
P74079		slr1342
P74076		slr1340
P74075		slr1339
P74074		slr1338
P74072		slr1336
P74027		slr1334
P74010		slr1327
P74004		slr1324
P74002		slr1322
P72589		slr1315
P72850		slr1307
P72844		slr1306
P72843		slr1305
P72841		slr1303
P72840		slr1302
P72839		slr1301
P72835		slr1300
P72834		slr1299
P72831		slr1298
P72825		slr1293
P72821		slr1290
P74203		slr1288
P74202		slr1287
P74196		slr1283
P74195		slr1282
P74188		slr1276
P74187		slr1275
P74185		slr1273
P74184		slr1272
P74182		slr1270
P74179		slr1266
P73803		slr1263
P73802		slr1262
P73801		slr1261
P73800		slr1260
P73799		slr1259
P73798		slr1258
P73797		slr1257
P73794		slr1253
P73789		slr1251
P73780		slr1246
P73778		slr1245
P73770		slr1243
P73498		slr1241
P73497		slr1240
P73483		slr1236
P73482		slr1235
P73481		slr1234
P73477		slr1232
P73475		slr1230
P73474		slr1229
P73467		slr1223
P73464		slr1222
P73463		slr1220
P73461		slr1218
P73366		slr1215
P73365		slr1214
P73364		slr1213
P73361		slr1210
P73360		slr1209
P73359		slr1208
P73357		slr1207
P73356		slr1206
P73355		slr1205
P73353		slr1203
P73351		slr1201
P73348		slr1198
P73344		slr1196
P73343		slr1195
P73342		slr1194
P74718		slr1189
P74716		slr1187
P74715		slr1186
P74713		slr1184
P74712		slr1183
P74711		slr1182
P74705		slr1178
P74704		slr1177
P74256		slr1174
P74254		slr1173
P74249		slr1170
P74248		slr1169
P74247		slr1168
P74246		slr1167
P74242		slr1166
P74238		slr1163
P74237		slr1162
P74236		slr1161
P74233		slr1160
P74221		slr1152
P73279		slr1150
P73278		slr1149
P73277		slr1148
P73272		slr1143
P73271		slr1142
P73264		slr1140
P73263		slr1139
P73259		slr1135
P73258		slr1134
P72655		slr1128
P72654		slr1127
P72645		slr1122
P72634		slr1119
P72630		slr1117
P72629		slr1116
P72628		slr1115
P72627		slr1114
P72626		slr1113
P72764		slr1110
P72755		slr1107
P72748		slr1104
P72747		slr1103
P72746		slr1102
P72745		slr1101
P72744		slr1100
P72742		slr1098
P72741		slr1097
P72739		slr1095
P72737		slr1094
P72923		slr1087
P72922		slr1085
P72921		slr1084
P72920		slr1083
P72919		slr1082
P72918		slr1081
P72916		slr1079
P72912		slr1077
P72911		slr1076
P72910		slr1074
P72909		slr1073
P72907		slr1071
P72906		slr1070
P72905		slr1069
P72904		slr1068
P72902		slr1066
P72901		slr1065
P72899		slr1063
P72898		slr1062
P73021		slr1056
P73018		slr1053
P73017		slr1052
P73015		slr1050
P73009		slr1045
P73007		slr1043
P73006		slr1042
P73005		slr1041
P73155		slr1039
P73150		slr1037
P73146		slr1035
P73145		slr1034
P73143		slr1033
P73142		slr1032
P73139		slr1028
P73136		slr1025
P73135		slr1024
P73134		slr1023
P73125		slr1019
P74516		slr0992
P74515		slr0990
P74514		slr0989
P72883		slr0981
P72882		slr0980
P72881		slr0978
P72880		slr0977
P72879		slr0976
P72875		slr0975
P72863		slr0971
P72857		slr0967
P72855		slr0964
P72852		slr0962
P74333		slr0960
P74332		slr0959
P74329		slr0957
P74328		slr0955
P74325		slr0953
P74319		slr0950
P74315		slr0948
P74314		slr0947
P74311		slr0944
P74308		slr0942
P74307		slr0941
P74302		slr0937
P74300		slr0935
Q55502		slr0930
Q55501		slr0929
Q55386		slr0924
Q55385		slr0923
Q55384		slr0921
Q55381		slr0920
Q55380		slr0919
P53579		slr0918
Q57253		slr0915
Q55378		slr0914
Q55377		slr0913
Q55376		slr0912
Q55375		slr0909
Q55374		slr0907
Q55372		slr0904
Q55371		slr0903
Q55365		slr0897
Q55363		slr0895
P73579		slr0890
P73577		slr0889
P73576		slr0888
P73575		slr0887
P73570		slr0885
P73566		slr0882
P73564		slr0881
P73559		slr0878
P73556		slr0876
P73768		slr0872
P73767		slr0871
P73766		slr0870
P73765		slr0869
P73764		slr0868
P73763		slr0867
P73759		slr0865
P73758		slr0864
P73754		slr0863
P73748		slr0856
P73740		slr0852
Q55436		slr0848
Q55433		slr0846
Q55430		slr0845
Q55427		slr0842
Q55426		slr0841
Q55414		slr0829
Q55413		slr0825
P74062		slr0822
P74060		slr0821
P74057		slr0820
P74054		slr0818
P74049		slr0816
P74048		slr0815
P74046		slr0813
P74037		slr0810
P74033		slr0806
Q55951		slr0801
Q55945		slr0800
Q55944		slr0799
Q59997		slr0797
Q55936		slr0795
Q55935		slr0794
Q55934		slr0793
Q55930		slr0789
Q55929		slr0788
Q55928		slr0787
P53580		slr0786
Q55632		slr0784
Q55629		slr0782
Q55620		slr0779
Q55608		slr0773
Q55606		slr0771
Q55605		slr0770
Q55604		slr0769
Q55987		slr0765
P74640		slr0755
P74635		slr0753
Q04737		slr0751
P74631		slr0748
P72684		slr0740
P72682		slr0734
P72677		slr0732
P72675		slr0731
P72674		slr0730
P72673		slr0729
P72672		slr0728
P72671		slr0727
P72670		slr0725
P72668		slr0723
Q55201		slr0719
Q55979		slr0712
P52761		slr0709
Q55972		slr0708
Q55964		slr0702
Q55963		slr0701
Q55962		slr0700
Q55961		slr0699
Q55960		slr0698
Q55959		slr0697
P72967		slr0695
P72961		slr0689
P72959		slr0688
P72954		slr0686
P72946		slr0682
P72945		slr0681
P72944		slr0680
P72942		slr0678
P72941		slr0677
P72937		slr0670
P74585		slr0668
P74584		slr0667
P74583		slr0666
P74581		slr0664
P74570		slr0658
P74568		slr0656
P74567		slr0655
P74566		slr0654
P74560		slr0651
Q55730		slr0650
Q55727		slr0645
Q55722		slr0643
Q55721		slr0642
Q55718		slr0640
Q55717		slr0639
Q55715		slr0637
Q55712		slr0635
Q55711		slr0634
Q55708		slr0630
Q55870		slr0626
Q55868		slr0625
Q55867		slr0624
Q55861		slr0619
Q55858		slr0617
Q55857		slr0616
Q55856		slr0615
P72582		slr0613
P72581		slr0612
P74757		slr0610
P74756		slr0609
P74754		slr0607
P74753		slr0606
P74752		slr0605
P74748		slr0602
P74747		slr0601
P74746		slr0600
P74744		slr0598
P74740		slr0596
P74738		slr0594
P74736		slr0593
P74735		slr0592
P74732		slr0591
P74728		slr0590
P74727		slr0589
P74726		slr0588
P74723		slr0587
P74722		slr0586
Q55412		slr0583
Q55409		slr0582
Q55408		slr0581
Q55407		slr0580
Q55405		slr0579
Q55403		slr0575
Q55402		slr0573
Q55400		slr0572
Q55395		slr0569
Q55392		slr0565
P52056		slr0556
Q55516		slr0554
Q55514		slr0552
Q55493		slr0545
Q55490		slr0544
Q55488		slr0541
Q55480		slr0537
Q55477		slr0535
Q55475		slr0533
Q55845		slr0522
Q55844		slr0521
Q55840		slr0517
Q55837		slr0516
Q55836		slr0514
Q55831		slr0511
Q55830		slr0510
Q55829		slr0509
Q55824		slr0505
Q55823		slr0503
Q55815		slr0498
Q55186		slr0496
Q55185		slr0495
Q55181		slr0491
Q55180		slr0489
Q55178		slr0487
Q55177		slr0484
Q55176		slr0483
Q55175		slr0482
Q55173		slr0479
Q55171		slr0476
Q55165		slr0468
P74701		slr0462
P74699		slr0460
P74698		slr0459
P74697		slr0458
P74695		slr0456
P74694		slr0455
P74693		slr0454
P74690		slr0453
P74678		slr0449
P74385		slr0445
P74379		slr0443
P74375		slr0442
Q55130		slr0440
Q55127		slr0439
Q55125		slr0438
Q55113		slr0431
Q55760		slr0427
Q55748		slr0421
Q55747		slr0420
Q55739		slr0418
Q55737		slr0416
P74440		slr0408
P74439		slr0407
P74433		slr0404
P74432		slr0402
P74431		slr0401
P74428		slr0398
P74427		slr0397
P74419		slr0393
P74418		slr0392
Q55603		slr0388
Q55601		slr0386
Q55598		slr0384
Q55597		slr0383
Q55594		slr0380
Q55592		slr0378
Q55591		slr0377
Q55590		slr0376
Q55589		slr0374
Q55588		slr0373
Q55584		slr0369
Q55583		slr0366
Q55582		slr0364
Q55581		slr0363
Q55579		slr0362
Q55578		slr0361
Q55577		slr0360
Q55576		slr0359
Q55654		slr0358
Q55651		slr0356
Q55649		slr0354
Q55647		slr0353
Q55645		slr0352
Q57456		slr0351
Q55640		slr0347
Q55636		slr0345
Q55633		slr0341
Q55548		slr0338
Q55545		slr0337
Q55542		slr0334
Q55541		slr0333
Q55535		slr0328
Q55533		slr0326
Q55530		slr0325
Q55529		slr0324
Q55527		slr0322
Q55524		slr0320
Q55925		slr0318
Q55924		slr0317
Q55923		slr0316
Q55922		slr0315
Q55921		slr0314
Q55920		slr0313
Q55919		slr0312
Q55918		slr0311
Q55914		slr0309
Q55910		slr0306
Q55909		slr0305
Q55908		slr0304
Q55907		slr0303
Q55906		slr0302
Q55904		slr0300
Q55903		slr0299
P74417		slr0294
P74414		slr0292
P74412		slr0291
P74411		slr0287
P74408		slr0286
P74407		slr0285
P74406		slr0284
P74396		slr0280
P73894		slr0273
P73893		slr0272
P73892		slr0271
P73889		slr0270
P73888		slr0269
P73885		slr0267
P73880		slr0265
P73879		slr0264
P73878		slr0263
P73877		slr0262
P72718		slr0254
P72710		slr0251
P72709		slr0250
P72708		slr0249
P72702		slr0245
P72700		slr0244
P72698		slr0243
P72696		slr0241
P72695		slr0240
P72692		slr0238
P72690		slr0236
P52232		slr0233
Q55705		slr0232
Q55703		slr0231
Q57248		slr0230 slr0704
Q55702		slr0229
Q55698		slr0226
Q55695		slr0224
Q55693		slr0222
Q55686		slr0217
Q59995		slr0214
Q55784		slr0211
Q55783		slr0210
Q55782		slr0209
Q55780		slr0208
Q55779		slr0207
Q55777		slr0204
P54004		slr0199
Q55769		slr0197
Q55768		slr0196
Q55767		slr0195
Q55765		slr0193
Q55764		slr0192
Q55573		slr0184
Q55566	; ; ; 	slr0180; sll1474; slr1635; sll1780
Q55565		slr0179
Q55549		slr0168
P74472		slr0166
P74460		slr0157
P74451		slr0152
P74450		slr0151
P74448		slr0149
P74447		slr0148
P74446		slr0147
P74445		slr0146
P74444		slr0145
P74443		slr0144
P74442		slr0143
P74441		slr0142
Q55897		slr0121
Q55889		slr0114
Q55888		slr0112
Q55887		slr0111
Q55886		slr0110
Q55882		slr0109
Q55881		slr0108
Q55877		slr0106
Q55876		slr0105
P54371		slr0104
Q55873		slr0103
Q55871		slr0099
Q55814		slr0096
Q55813		slr0095
P50027		slr0093
Q55812		slr0092
Q55811		slr0091
Q55810		slr0090
Q55807		slr0086
Q55802		slr0081
Q55792		slr0076
Q55791		slr0075
Q55790		slr0074
Q55788		slr0073
Q55161		slr0069
Q55157		slr0065
Q55156		slr0064
Q55152		slr0061
Q55151		slr0060
Q55150		slr0059
Q55149		slr0058
Q55131		slr0049
Q59991		slr0042
Q55458		slr0039
Q55457		slr0038
Q55449		slr0031
Q55441		slr0023
Q55439		slr0022
Q55682		slr0021
Q55676		slr0019
Q55672		slr0016
Q57208		slr0014
Q55671		slr0013
Q55668		slr0007
Q55667		slr0006
Q55660		slr0001
Q6ZE43		sll8049
Q6ZE44		sll8048
Q6ZE47		sll8043 slr8045
Q6ZE46		sll8042 slr8046
Q6ZE52		sll8040
Q6ZE57		sll8035
Q6ZE58		sll8034
Q6ZE59		sll8033
Q6ZE60		sll8032
Q6ZE65		sll8027
Q6ZE67		sll8025
Q6ZE72		sll8020
Q6ZE73		sll8019
Q6ZE74		sll8018
Q6ZE75		sll8017
Q6ZE80		sll8012
Q6ZE81		sll8011
Q6ZE83		sll8009
Q6ZE85		sll8007
Q6ZE86		sll8006
Q6ZE88		sll8004
Q6ZE90		sll8002
Q6ZE91		sll8001
Q6ZE92		sll7106
Q6ZE95		sll7103
Q6ZEA8		sll7090
Q6ZEA9		sll7089
Q6ZEB1		sll7087
Q6ZEB2		sll7086
Q6ZEB3		sll7085
Q6ZEC0		sll7078
Q6ZEC1		sll7077
Q6ZEC3		sll7075
Q6ZEC8		sll7070
Q6ZEC9		sll7069
Q6ZED1		sll7067
Q6ZED2		sll7066
Q6ZED3		sll7065
Q6ZED4		sll7064
Q6ZED5		sll7063
Q6ZED6		sll7062
Q6ZEE2		sll7056
Q6ZEE3		sll7055
Q6ZEE8		sll7050
Q6ZEF1		sll7047
Q6ZEF4		sll7044
Q6ZEF5		sll7043
Q6ZEG4		sll7034
Q6ZEG5		sll7033
Q6ZEG7		sll7031
Q6ZEG8		sll7030
Q6ZEG9		sll7029
Q6ZEH0		sll7028
Q6ZEH1		sll7027
Q6ZEI9		sll7009
Q6ZEJ2		sll7006
Q6ZEJ6		sll7002
Q6ZEJ7		sll7001
Q6YRP5		sll6109
Q6YRQ6		sll6098
Q6YRR1		sll6093
Q6YRU4		sll6060
Q6YRU5		sll6059
Q6YRU9		sll6055
Q6YRV0		sll6054
Q6YRV1		sll6053
Q6YRV2		sll6052
Q6YRW8		sll6036
Q6YRS8		sll6017 sll6076
Q6YRT5		sll6010 sll6069
Q6ZEJ8		sll5132
Q6YRP9		sll5131 slr6105
Q6ZEK0		sll5130
Q6ZEK2		sll5128
Q6ZEK7		sll5123
Q6ZEK8		sll5122
Q6ZEM1		sll5109
Q6ZEM3		sll5107
Q6ZEN3		sll5097
Q6ZEP0		sll5090
Q6ZEP1		sll5089
Q6ZEP4		sll5086
Q6ZEP6		sll5084
Q6ZEP7		sll5083
Q6ZEP9		sll5081
Q6ZEQ0		sll5080
Q6ZEQ1		sll5079
Q6ZEQ4		sll5076
Q6ZEQ5		sll5075
Q6ZEQ8		sll5072
Q6ZER1		sll5069
Q6ZER3		sll5067
Q6ZER4		sll5066
Q6ZER7		sll5063
Q6ZER8		sll5062
Q6ZER9		sll5061
Q6ZES0		sll5060
Q6ZES1		sll5059
Q6ZES3		sll5057
Q6ZES8		sll5052
Q6ZET0		sll5050
Q6ZET1		sll5049
Q6ZET2		sll5048
Q6ZET3		sll5047
Q6ZET4		sll5046
Q6ZET6		sll5044
Q6ZET7		sll5043
Q6ZET8		sll5042
Q6ZET9		sll5041
Q6ZEU4		sll5036
Q6ZEU5		sll5035
Q6ZEU6		sll5034
Q6ZEU7		sll5033
Q6ZEU8		sll5032
Q6ZEV0		sll5030
Q6ZEV2		sll5028
Q6ZEV4		sll5026
Q6ZEW6		sll5014
Q6ZEX4		sll5006
Q6ZEX6		sll5004
Q6ZEX7		sll5003
Q6ZEX8		sll5002
P73663		sll2015
P73665		sll2013
P73669		sll2009
P73670		sll2008
P73673		sll2007
P73674		sll2006
P73678		sll2003
P73680		sll2002
P97153		sll1999
P73976		sll1998
P73977		sll1997
P73996		sll1995
P73915		sll1985
P73916		sll1982
P73921		sll1979
P73369		sll1971
P73372		sll1969
P73374		sll1967
P73378		sll1965
P73804		sll1961
P73805		sll1960
P73813		sll1956
P73814		sll1954
P73817		sll1951
P73818		sll1950
P73819		sll1949
P73065		sll1946
P73076		sll1942
P73080		sll1940
P73081		sll1939
P73083		sll1938
P73095		sll1934
P73099		sll1930
P73220		sll1927
P73221		sll1926
P73223		sll1925
P73234		sll1924
P73240		sll1921
P73247		sll1915
P73250		sll1913
P73251		sll1912
P73253		sll1911
P73827		sll1906
P73828		sll1905
P73835		sll1902
P74096		sll1898
P74098		sll1897
P74101		sll1895
P74107		sll1892
P74109		sll1891
P74115		sll1888
P74118		sll1886
P74119		sll1885
P74121		sll1884
P74123		sll1882
P74125		sll1880
P74126		sll1879
P74127		sll1878
P74135		sll1873
P74137		sll1871
P74140		sll1870
P74144		sll1866
P74477		sll1864
P74485		sll1863
P74486		sll1862
P74487		sll1861
P74489		sll1858
P74493		sll1853
P74495		sll1851
P74496		sll1849
P74498		sll1848
P74502		sll1845
P73107		sll1837
P73111		sll1835
P73112		sll1834
P73118		sll1832
P73120		sll1830
P73288		sll1825
P73332		sll1792
P73333		sll1791
P73600		sll1785
P73601		sll1784
P73602		sll1783
P73619		sll1775
P73620		sll1774
P73623		sll1773
P73626		sll1771
P73627		sll1770
P73628		sll1769
P73631		sll1768
P73639		sll1766
P73640		sll1765
P73641		sll1764
P73642		sll1763
P73643		sll1762
P73645		sll1761
P73652		sll1757
P73659		sll1755
P73054		sll1752
P73060		sll1751
P73062		sll1749
P39204		sll1747.1
P73385		sll1739
P73386		sll1738
P73387		sll1737
P73391		sll1736
P73392		sll1735
P73393		sll1734
P73396		sll1730
P73399		sll1726
P73400		sll1725
P73402		sll1723
P73403		sll1722
P73413		sll1717
P73414		sll1716
P73415		sll1715
P73416		sll1714
P73683		sll1710
P73686		sll1708
P73690		sll1702
P73693		sll1699
P73694		sll1698
P73695		sll1697
P73702		sll1696
P73705		sll1693
P73707		sll1692
P73708		sll1691
P73713		sll1687
P72766		sll1686
P72771		sll1685
P72775		sll1682
P72778		sll1681
P72779		sll1680
P72783		sll1678
P72784		sll1677
P72786		sll1675
P72790		sll1673
P72791		sll1672
P72792		sll1671
P72805		sll1665
P72806		sll1664
P72807		sll1663
P72810		sll1660
P72812		sll1658
P72815		sll1656
P72817		sll1654
P72819		sll1652
P73034		sll1647
P73038		sll1643
P73041		sll1642
P73046		sll1640
P73048		sll1638
P73453		sll1634
P73457		sll1632
P73718		sll1630
P73719		sll1628
P73724		sll1624
P73725		sll1623
P73728		sll1621
P73730		sll1620
P73733		sll1618
P73841		sll1613
P73843		sll1611
P73844		sll1609
P73845		sll1608
P73847		sll1606
P73855		sll1601
P73864		sll1592
P73865		sll1590
P73871		sll1586
P73195		sll1584
P73197		sll1582
P73210		sll1573
P73216		sll1571
P73217		sll1570
P73219		sll1568
P74273		sll1563
P74274		sll1562
P74278		sll1560
P74281		sll1559
P74288		sll1555
P74651		sll1552
P74655		sll1550
P74656		sll1549
P74662		sll1547
P74670		sll1544
P74671		sll1543
P74675		sll1542
P74334		sll1541
P74341		sll1537
P74348		sll1534
P74351		sll1532
P74356		sll1531
P74357		sll1530
P74358		sll1528
P74359		sll1527
P74360		sll1526
P74365		sll1524
P72974		sll1516
P72975		sll1515
P72979		sll1512
P72981		sll1511
P72982		sll1510
P72983		sll1509
P72989		sll1507
P72996		sll1505
P72997		sll1504
P72998		sll1503
P73003		sll1500
P74589		sll1496
P74590		sll1495
P74598		sll1491
P74601		sll1489
P74602		sll1488
P74612		sll1486
P74613		sll1485
P74615		sll1483
P74616		sll1482
P74617		sll1481
P74619		sll1477
P74620		sll1476
P74622		sll1475
P74623		sll1473
P74624		sll1472
P73419		sll1469
P73434		sll1466
P73439		sll1461
P73440		sll1459
P73445		sll1456
P73447		sll1455
P74205		sll1447
P74206		sll1446
P74209		sll1442
P74213		sll1439
P73936		sll1429
P73938		sll1428
P73941		sll1426
P73944		sll1424
P73952		sll1418
P73969		sll1411
P72601		sll1407
P72603		sll1405
P72604		sll1404
P72614		sll1401
P72615		sll1400
P72617		sll1399
P72619		sll1396
P72624		sll1392
P74145		sll1390
P74147		sll1389
P74148		sll1388
P74150		sll1387
P74151		sll1386
P74157		sll1384
P74161		sll1381
P74162		sll1380
P74164		sll1378
P74165		sll1377
P74168		sll1374
P74169		sll1373
P74170		sll1372
P74171		sll1371
P74173		sll1369
P74544		sll1367
P74552		sll1366
P74554		sll1365
P73509		sll1359
P73510		sll1358
P73513		sll1355
P73519		sll1353
P73520		sll1352
P73524		sll1350
P74526		sll1344
P74532		sll1340
P74534		sll1338
P74535		sll1336
P74537		sll1334
P74539		sll1333
P74541		sll1330
P74542		sll1329
P72732		sll1319
P72733		sll1318
P73588		sll1315
P73591		sll1308
P73596		sll1307
P73597		sll1306
P73598		sll1305
P73599		sll1304
P73163		sll1298
P73172		sll1296
P73174		sll1293
P73175		sll1292
P73176		sll1291
P73177		sll1290
P73178		sll1289
P73186		sll1286
P73192		sll1284
P73529		sll1280
P73533		sll1276
P73536		sll1274
P73541		sll1273
P73542		sll1272
P73543		sll1271
P73549		sll1268
P73550		sll1267
P73551		sll1265
P74068		sll1263
P74073		sll1258
P74077		sll1255
P74078		sll1254
P74081		sll1253
P74082		sll1252
P74084		sll1251
P74086		sll1250
P45451		sll1247
P42349		sll1242
P73999		sll1241
P74000		sll1240
P74001		sll1239
P74006		sll1236
P74011		sll1233
P74012		sll1232
P74014		sll1229
P74015		sll1228
P74019		sll1225
P74023		sll1222
P74025		sll1220
P74028		sll1219
P74030		sll1217
P72596		sll1204
P72597		sll1203
P72598		sll1202
P72822		sll1201
P72824		sll1200
P72833		sll1193
P72837		sll1191
P72845		sll1188
P72847		sll1186
P74178		sll1178
P74190		sll1174
P74191		sll1173
P74197		sll1170
P74198		sll1169
P74204		sll1166
P73771		sll1164
P73772		sll1163
P73773		sll1162
P73774		sll1161
P73775		sll1160
P73776		sll1159
P73777		sll1158
P73781		sll1157
P73782		sll1156
P73783		sll1155
P73791		sll1151
P73793		sll1150
P73795		sll1147
P73466		sll1142
P73470		sll1138
P73476		sll1135
P73485		sll1132
P73486		sll1131
P73488		sll1130
P73337		sll1124
P73338		sll1123
P73339		sll1121
P73341		sll1119
P73346		sll1118
P74708		sll1109
P74719		sll1107
P74720		sll1106
P74224		sll1103
P74225		sll1102
P74231		sll1095
P74235		sll1094
P74243		sll1092
P74251		sll1089
P74252		sll1087
P74253		sll1086
P73260		sll1084
P73266		sll1081
P73267		sll1080
P73280		sll1072
P73281		sll1071
P73285		sll1068
P72631		sll1064
P72633		sll1063
P72635		sll1062
P72636		sll1061
P72637		sll1060
P72646		sll1054
P72647		sll1053
P72651		sll1052
P72653		sll1049
P72734		sll1041
P72735		sll1040
P72738		sll1039
P72750		sll1037
P72751		sll1036
P72756		sll1033
P72924		sll1025
P72926		sll1024
P72928		sll1022
P72929		sll1021
P72930		sll1020
P72935		sll1017
P73013		sll1011
P73022		sll1006
P73023		sll1005
P73024		sll1004
P73025		sll1003
P73030		sll1001
P73126		sll0997
P73130		sll0995
P73131		sll0994
P73132		sll0993
P73137		sll0992
P73147		sll0986
P73148		sll0985
P73149		sll0984
P73151		sll0983
P73152		sll0982
P73153		sll0981
P73154		sll0980
P77971		sll0944
P72853		sll0943
P72858		sll0939
P72859		sll0938
P72861		sll0936
P72865		sll0933
P72867		sll0932
P72868		sll0931
P72869		sll0930
P72873		sll0925
P72876		sll0924
P72878		sll0922
P74298		sll0921
P74310		sll0914
P74316		sll0913
P74317		sll0912
P74320		sll0911
P74321		sll0910
P74322		sll0909
P74331		sll0905
Q55360		sll0888
Q55361		sll0887
Q55362		sll0886
P73552		sll0877
P73555		sll0875
P73565		sll0872
P73568		sll0871
P73573		sll0867
P73582		sll0864
P73583		sll0863
P73584		sll0862
P73586		sll0860
P73742		sll0858
P73743		sll0857
P73745		sll0855
P73746		sll0854
P73751		sll0847
P73752		sll0846
P73756		sll0843
P73760		sll0839
P73762		sll0837
Q55416		sll0833
Q55417		sll0832
Q55421		sll0830
Q55423		sll0829
Q55424		sll0828
Q55425		sll0827
Q55428		sll0825
Q55432		sll0822
P74041		sll0816
P74042		sll0815
P74043		sll0814
P74047		sll0812
P74050		sll0811
P74051		sll0810
P74052		sll0809
P74059		sll0808
P74064		sll0804
P74065		sll0803
P74066		sll0802
Q55927		sll0800
Q55939		sll0793
Q55941		sll0790
Q55942		sll0789
Q55943		sll0788
Q55946		sll0787
Q55947		sll0786
Q55948		sll0785
Q55950		sll0783
Q55952		sll0782
Q55953		sll0781
Q55954		sll0780
Q55955		sll0779
Q55956		sll0778
Q55957		sll0777
Q55958		sll0775
P15730		sll0772
P52601		sll0766
Q55615		sll0763
Q55616		sll0762
Q55617		sll0761
Q55619		sll0759
Q55623		sll0756
Q55624		sll0755
Q55627		sll0752
Q55631		sll0749
Q55989		sll0744
Q55990		sll0743
Q55991		sll0742
Q55992		sll0740
Q55993		sll0739
O06944		sll0737
P74629		sll0736
P74630		sll0735
P74633		sll0733
P74634		sll0732
P74637		sll0729
P74642		sll0727
P74647		sll0723
P74648		sll0722
P74649		sll0721
P74650		sll0720
P72664		sll0710
P72678		sll0703
P72679		sll0702
P72685		sll0696
Q55188		sll0691
Q55191		sll0688
Q55192		sll0687
Q55193		sll0686
Q55194		sll0685
Q55965		sll0678
Q55966		sll0676
Q59999		sll0672
Q55969		sll0670
Q55970		sll0669
Q55973		sll0668
Q55974		sll0667
Q55975		sll0666
Q55976		sll0665
Q55977		sll0664
Q55980		sll0662
Q55984		sll0659
Q55985		sll0658
P72939		sll0654
P72947		sll0650
P72948		sll0649
P72950		sll0647
P72952		sll0645
P72953		sll0644
P72957		sll0641
P72958		sll0640
P72962		sll0639
P72963		sll0638
P74563		sll0630
P74574		sll0625
P74575		sll0624
P74577		sll0623
Q55707		sll0617
P52876		sll0615
Q79F24		sll0614
Q55713		sll0611
Q55719		sll0609
Q55720		sll0608
Q55723		sll0606
Q55726		sll0602
P55175		sll0601
Q55851		sll0597
Q55852		sll0596
Q55853		sll0595
Q55859		sll0590
Q55862		sll0588
Q55864		sll0586
Q55865		sll0585
P74725		sll0577
P74729		sll0576
P74734		sll0572
P74742		sll0565
P74743		sll0564
P74749		sll0563
P72583		sll0558
Q55388		sll0556
P53581		sll0555
Q55390		sll0553
Q55391		sll0552
Q55394		sll0549
Q55396		sll0547
Q55397		sll0546
Q55398		sll0545
Q55399		sll0544
Q55401		sll0543
Q55410		sll0540
Q55411		sll0539
P54148		sll0537
Q55509		sll0536
Q55517		sll0529
Q55518		sll0528
Q55519		sll0525
Q55521		sll0524
Q55466		sll0518
Q55470		sll0514
Q55474		sll0513
Q55478		sll0509
Q55479		sll0508
Q55485		sll0503
Q55487		sll0501
Q55489		sll0499
Q55491		sll0498
Q55492		sll0497
Q55494		sll0496
Q55495		sll0494
Q55496		sll0493
Q55816		sll0489
Q55817		sll0488
Q55818		sll0487
Q55820		sll0485
Q55821		sll0484
Q55826		sll0482
Q55827		sll0481
Q55832		sll0479
Q55833		sll0478
Q55834		sll0477
Q55838		sll0474
Q55839		sll0473
Q55846		sll0471
Q55847		sll0470
Q55166		sll0462
Q55184		sll0456
P74676		sll0451
P74679		sll0449
P74680		sll0448
P74681		sll0447
P74682		sll0446
P74683		sll0445
P74684		sll0444
P74685		sll0443
P74687		sll0442
P74688		sll0441
P74692		sll0436
P75027		sll0431 sll1397 slr1075
P74376		sll0428
P74380		sll0426
P74381		sll0424
P74382		sll0423
P74383		sll0422
P74387		sll0419
P74388		sll0418
P22040		sll0415
Q55112		sll0414
Q55114		sll0413
Q55115		sll0412
Q55116		sll0410
Q55118		sll0408
Q55122		sll0406
Q55123		sll0405
Q55126		sll0403
Q55129		sll0400
Q55731		sll0398
Q55732		sll0397
Q55733		sll0396
Q55734		sll0395
Q55735		sll0394
Q55740		sll0385
Q55741		sll0384
Q55743		sll0382
Q55744		sll0381
Q55751		sll0376
Q55754		sll0372
Q55755		sll0371
Q55757		sll0369
P74420		sll0364
P74424		sll0361
P74425		sll0360
P74426		sll0359
P74436		sll0355
P74437		sll0354
Q55580		sll0350
Q55587		sll0335
Q55599		sll0328
Q55600		sll0327
Q55634		sll0325
Q55639		sll0321
P74789		sll0319
Q57473		sll0318
Q55644		sll0317
Q55646		sll0315
Q55648		sll0314
Q55652		sll0312
Q55655		sll0310
Q55656		sll0309
Q55531		sll0301
Q55537		sll0298
Q55538		sll0297
Q55539		sll0296
Q55543		sll0295
Q55546		sll0294
Q55547		sll0293
Q55911		sll0286
Q55912		sll0284
Q55913		sll0283
Q55915		sll0282
Q55916		sll0281
Q55917		sll0280
P74392		sll0274
P74394		sll0272
P74398		sll0269
P74399		sll0268
P74400		sll0267
P74401		sll0266
P74402		sll0265
P74403		sll0264
P74404		sll0263
P74405		sll0261
P74409		sll0260
P73872		sll0254
P73873		sll0253
P73876		sll0252
P73883		sll0249
P73895		sll0243
P73896		sll0242
P73897		sll0241
P73898		sll0240
P73899		sll0238
P73900		sll0237
P73902		sll0236
P72699		sll0230
P72704		sll0227
P72706		sll0225
P72707		sll0224
P72722		sll0218
P72724		sll0216
Q55687		sll0209
Q55688		sll0208
Q55691		sll0205
Q55696		sll0201 sll0651 sll0700 sll1257 sll1437 sll1984 slr0857 slr1716 slr1937 slr2113 slr7105
Q55697		sll0200 sll0699 sll1256 sll1436 sll1983 slr1715 slr1936 slr7104
Q55699		sll0198
Q55701		sll0195
Q55704		sll0192
P22039		sll0191
Q55761		sll0189
Q55762		sll0188
Q55770		sll0185
Q55773		sll0183
Q55774		sll0182
Q55775		sll0181
Q55776		sll0180
Q55359		sll0178
Q55553		sll0177
Q55554		sll0176
Q55555		sll0175
Q55556		sll0174
Q55557		sll0173
Q55558		sll0172
Q55559		sll0169
Q55560		sll0168
Q55561		sll0167
Q55563		sll0163
Q55564		sll0162
Q55567		sll0161
Q55570		sll0160
Q55571		sll0157
Q55572		sll0156
Q55575		sll0154
P74452		sll0149
P74453		sll0148
P74454		sll0147
P74455		sll0146
P74461		sll0142
P74462		sll0141
P54147		sll0108
Q55874		sll0103
Q55878		sll0101
P54984		sll0100
Q55883		sll0096
Q55884		sll0095
Q55885		sll0094
Q55893		sll0092
Q55789		sll0088
Q55794		sll0086
Q55795		sll0085
Q55800		sll0082
Q55133		sll0072
Q55134		sll0071
Q55137		sll0069
Q55138		sll0068
Q55140		sll0066
Q55146		sll0064
Q55147		sll0063
Q55148		sll0062
Q55153		sll0060
Q55159		sll0055
Q55162		sll0051
Q55437		sll0048
Q55442		sll0044
Q55443		sll0043
Q55445		sll0041
Q55446		sll0040
Q55447		sll0039
Q55448		sll0038
Q55452		sll0036
Q55454		sll0034
Q55455		sll0033
Q55456		sll0031
Q55657		sll0024
Q55658		sll0023
Q55659		sll0022
Q57495		sll0012 sll0677 sll1860 slr0350 slr0703
Q55675		sll0010
Q55677		sll0008
Q55678		sll0007
Q55680		sll0005
P74686	ski2	
P72854	sir	slr0963
Q59996	sigC	sll0184
P74565	sigA	slr0653
P73914	shc	
P72716		sgl0002
P74773		sgl0001
P73664	sfsA	sll2014
P73201	serS	slr1703
P73821	serA	sll1908
P73376	sepF	slr2073
P73436	selO	sll1464
P77964	secY	sll1814
Q55611	secF	slr0775
P38382	secE	ssl3335
Q55610	secD	slr0774
Q55709	secA	sll0616
P73723	sdhB	
Q55431	sdhB	
Q01903	sbpA	slr1452
Q55661	sbcD	sll0021
P73012	sbcC	slr1048
P74241	sat	slr1165
Q55630	sasA	sll0750
Q55506	ruvC	sll0896
Q57396	ruvB	sll0613
P73554	ruvA	sll0876
P73068	rub	slr2033
P74038	rsmI	sll0818
P73460	rsmH	sll1144
Q55787	rsmG	slr0072
P72667	rsmE	slr0722
P72943	rsmB	slr0679
P72666	rsmA	sll0708
P52640	rsgA	sll0898
P73658	rsfS	slr1886
P72781	rre1	slr1783
P73561	rqcH	slr0880
P48949	rpsU	ssl0601
P73336	rpsT	ssl2233
P73316	rpsS	ssl3432
P48946	rpsR	ssr1399
P73311	rpsQ	ssl3437
P74410	rpsP	ssr0482
P72866	rpsO	ssl1784
P48944	rpsN	slr0628
P73299	rpsM	sll1816
P74230	rpsL	sll1096
P73298	rpsK	sll1817
P74226	rpsJ	sll1101
P73293	rpsI	sll1822
P73307	rpsH	sll1809
P74229	rpsG	sll1097
P73636	rpsF	sll1767
P73304	rpsE	sll1812
P48939	rpsD	slr0469
P73314	rpsC	sll1804
P74071	rpsB	sll1260
P74142	rps1b	slr1984
P73530	rps1A	slr1356
Q55932	rppB	sll0798
Q55933	rppA	sll0797
P74352	rpoZ	ssl2982
P74595	rpoF	
P73431	rpoE	
P73744	rpoE	
P73666	rpoD	
P73710	rpoD	
Q55525	rpoD	
P73334	rpoC2	sll1789
P74177	rpoC1	slr1265
P77965	rpoB	sll1787
P73297	rpoA	sll1818
P73300	rpmJ	sml0006
P48959	rpmI	ssl1426
Q55004	rpmH	smr0011
P48958	rpmG	ssr1398
P73014	rpmF	ssr1736
P73292	rpmE	ssl3445
P73312	rpmC	ssl3436
P72851	rpmB	ssr1604
P74267	rpmA	ssr2799
P73289	rplY	sll1824
P73309	rplX	sll1807
P73318	rplW	sll1801
P73315	rplV	sll1803
P74266	rplU	slr1678
P48957	rplT	sll0767
P36239	rplS	sll1740
P73305	rplR	sll1811
P73296	rplQ	sll1819
P73313	rplP	sll1805
P73303	rplO	sll1813
P73310	rplN	sll1806
P73294	rplM	sll1821
P23349	rplL	sll1746
P36237	rplK	sll1743
P23350	rplJ	sll1745
P42352	rplI	sll1244
P73306	rplF	sll1810
P73308	rplE	sll1808
P73319	rplD	sll1800
P73320	rplC	sll1799
P73317	rplB	sll1802
P36236	rplA	sll1744
P74234	rpiB	
Q55766	rpiA	slr0194
P74061	rpe	sll0807
Q55890	rpaA	slr0115
Q55132	rnz	slr0050
Q55005	rnpA	slr1469
P54123	rnj	slr0551
P72657	rnhB	slr1130
Q55801	rnhA	slr0080
P72656	rne	slr1129
Q55641	rnd	
Q55637	rnc2	slr0346
P74368	rnc1	slr1646
Q55752	rlpA	slr0423
Q55880	rlmN	sll0098
P72687	rimP	slr0742
Q55803	rimO	slr0082
P74035	rimM	slr0808
P73741	rimI	
P73527	ribH	sll1282
P73651	ribF	slr1882
Q55158	ribD	slr0066
Q55532	ribC	
P74104	ribBA	sll1894
P72632	rffM	
P74183	rffM	
Q55635	rfbW	
Q55745	rfbW	
P72900	rfbU	
P74347	rfbP	
P74172	rfbM	
Q55183	rfbM	
P73444	rfbJ	
P72886	rfbG	
P72885	rfbF	
P72893	rfbE	
P72586	rfbD	
P72621	rfbD	
P72887	rfbC	
P74488	rfbC	
P72884	rfbB	
P74036	rfbB	
P74730	rfbB	
Q55420	rfbB	
P74731	rfbA	
Q55689	rfbA	
P74533	recR	slr1426
P73421	recQ	slr1536
Q55569	recO	slr0181
P74374	recN	sll1520
P73518	recJ	
Q55681	recG	slr0020
P73532	recF	sll1277
P74737	recA	sll0569
Q55169	rcp1	slr0474
Q57014	rbpA	sll0517
Q55625	rbfA	sll0754
Q55670	rbcX	slr0011
P73123	rbcR	sll0998
P73862	rbcR	
Q55875	raf1	sll0102
P74391	radA	slr0448
P73526	queG	sll1348
Q55978	queF	slr0711
P73667	queE	sll2011
Q55798	queD	slr0078
Q55468	queC	slr0527
Q55850	queA	sll0467
Q55758	pyrR	sll0368
P74457	pyrH	sll0144
P74208	pyrG	sll1443
P73761	pyrF	sll0838
Q55574	pyrE	slr0185
P74782	pyrD	slr1418
P72934	pyrC'	sll1018
P74438	pyrC	slr0406
P74163	pyrB	slr1476
P73534	pyk2	sll1275
Q55863	pyk1	sll0587
P74275	putA	
Q55135	purU	sll0070
Q55336	purT	slr0861
Q55842	purS	slr0519
Q55843	purQ	slr0520
Q55172	purN	
Q55422	purM	slr0838
P72644	purL	sll1056
P74724	purK	sll0578
P74741	purH	slr0597
Q55621	purF	sll0757
Q55498	purE	sll0901
P74232	purD	slr1159
P73471	purC	slr1226
P74384	purB	sll0421
P73290	purA	sll1823
Q59989	pth	slr0922
P73662	pta	slr2132
P73785	pstS	
Q55199	pstS	
P73786	pstC	
Q55198	pstC	
P73788	pstB3	slr1250
Q55195	pstB2	sll0684
Q55196	pstB1	sll0683
P73787	pstA	
Q55197	pstA	
P73567	psr	
P73528	psbZ	sll1281
P73676	psbY	sml0007
P72575	psbX	sml0002
Q55013	psbV	sll0258
Q55332	psbU	sll1194
P74787	psbT	smr0001
P10549	psbO	sll0427
P26286	psbN	smr0009
P72701	psbM	sml0003
Q55354	psbL	smr0007
P15819	psbK	sml0005
P73070	psbJ	smr0008
Q54697	psbI	sml0001
P14835	psbH	ssl2598
P09191	psbF	smr0006
P09190	psbE	ssr3451
P09192	psbD	sll0849
P09193	psbC	sll0851
P05429	psbB	slr0906
P16033	psbA2; psbA3	slr1311; sll1867
P07826	psbA1	slr1181
Q55356	psb28	sll1398
P74367	psb27	slr1645
P72986	psaM	smr0005
P37277	psaL	slr1655
P74564	psaK2	sll0629
P72712	psaK1	ssr0390
Q55329	psaJ	sml0008
Q55330	psaI	smr0004
P29256	psaF	sll0819
P12975	psaE	ssr2831
P19569	psaD	slr0737
P32422	psaC	ssl0563
P29255	psaB	slr1835
P29254	psaA	slr1834
Q55848	prs	sll0469
P73942	proS	sll1425
P74572	proC	slr0661
P73071	proB	slr2035
Q55167	proA2	sll0461
P54902	proA1	sll0373
P74003	prmC	sll1237
P73820	prmA	sll1909
P74571	prlC	
P37101	prk	sll1525
P74397	priA	sll0270
P73473	prfC	slr1228
P74476	prfB	sll1865
P74707	prfA	sll1110
P72580	preA	slr0611
P73458	prc	
P74305	pqqE	
P74663	ppx	
Q55905	ppsA	slr0301
Q55898	ppk	sll0290
P74299	ppc	sll0920
P80507	ppa	slr1622
Q59987	por	slr0506
Q55683	ponA	
Q55971	polA	slr0707
P73170	pobA	
P73500	pntB	
P73496	pntA	
P72659	pnp	sll1043
P73373	pmgA	
P73501	pmbA	
P37367	pma1	sll1614
P73933	plsY	sll1973
P73950	plsX	slr1510
Q55500	plqA	slr0926
P72809	pleD	
P72956	pleD	
P73011	pleD	
P74349	pilT	
P74463	pilT	
P74186	pilM	
P73173	pilJ	
P74465	pilC	
Q55081	phrA	slr0854
P72686	phoU	slr0741
P72715	phoA	
P74296	pheT	sll1553
Q55187	pheS	sll0454
P72808	pheA	
P72754	phb	
P73545	phaP	ssl2501
P73389	phaE	slr1829
P73390	phaC	slr1830
P73826	phaB	slr1994
P73825	phaA	slr1993
P74372	pgsA	
P74643	pgm	
P74618	pgl	sll1479
P74421	pgk	slr0394
P52983	pgi	slr1349
Q55988	pfkA2	sll0745
P72830	pfkA1	sll1196
P72717	petN	sml0004
P74810	petM	smr0003
P46445	petJ	sll1796
Q55318	petH	slr1643
P74149	petG	smr0010
P27320	petF	ssl0020
P73388	petF	
P74159	petF	
P74449	petF	
P21697	petE	sll0199
P27589	petD	slr0343
P26290	petC2	sll1316
P74714	petC1	slr1185
P74174	petC	
Q57038	petB	slr0342
P26287	petA	sll1317
P74468	pepP	
P73971	pepA	sll2001
P72776	pdxJ	slr1779
P74211	pdxH	sll1440
Q55982	pdxA	sll0660
P29273	pds	slr1254
P73405	pdhB	
P74490	pdhA	slr1934
Q55891	pcyA	slr0116
P75028	pcxA	slr1596
P72600	pcrR	
P72595	pchR	
P72608	pchR	
P74133	pbsA2	sll1875
P72849	pbsA1	sll1184
P74200	pbp	
P73077	parC	sll1941
Q55382	panD	sll0892
Q55074	panC/cmk	sll1249
P52997	panB	slr0526
P73241	pacS	sll1920
P73720	opcA	slr1734
P74510	odhB	
P72931	obg	slr1090
P36265	nusG	sll1742
P74395	nusB	sll0271
P72688	nusA	
P72938	nucH	
P73949	ntpJ	
P73715	nth	slr1822
P74422	ntcB	slr0395
P33779	ntcA	sll1423
P73265	nrtD	sll1082
P73449	nrtD	
P73450	nrtC	sll1452
P73451	nrtB	sll1451
P73452	nrtA	sll1450
Q55937	nreB	
Q55622	nrdR	slr0780
P74240	nrdA	slr1164
P73757	nplT	
Q55364	norM	slr0896
P74677	norB	
P73784	norA	
P74217	nnr	sll1433
P74517	nlpD	
Q55366	nirA	
P72676	nifS	
Q55602	nifS	
P52965	nifJ	sll0741
Q55736	nhaS5	slr0415
P72973	nhaS4	slr1595
Q55190	nhaS3	sll0689
P74393	nhaS2	sll0273
P73863	nhaS1	slr1727
P74494	ndk	sll1852
P74771	ndhO	ssl1690
P74069	ndhN	sll1262
P74338	ndhM	slr1623
P27372	ndhL	ssr1386
P17062	ndhK2	sll8031
P19050	ndhK1	slr1280
P19125	ndhJ	slr1281
P26525	ndhI	sll0520
P27724	ndhH	slr0261
P26523	ndhG	sll0521
Q55429	ndhF	slr0844
P73227	ndhF	
P73395	ndhF	
Q55465	ndhF	
P26524	ndhE	sll0522
P73394	ndhD3	
P72823	ndhD2	slr1291
P32421	ndhD1	slr0331
P73225	ndhD	
Q55464	ndhD	
P19045	ndhC	slr1279
P72714	ndhB	sll0223
P26522	ndhA	sll0519
P73739	ndh	
P74614	ndh	
P73735	ndbB	slr1743
Q55387	natB	
Q55164	natA	
P73448	narB	sll1454
P73562	napC	
P74430	nadK2	slr0400
P73955	nadK1	sll1415
P74292	nadE	slr1691
P73246	nadD	sll1916
P74301	nadC	slr0936
P74562	nadB	sll0631
P74578	nadA	sll0622
P72658	mutT	
P73625	mutS2	sll1772
P73769	mutS	sll1165
P74290	mutM	slr1689
P73349	mutL	slr1199
P74303	murT	slr0938
P73585	murQ	sll0861
Q55179	murJ	slr0488
P73737	murI	slr1746
P74657	murG	slr1656
P45450	murF	slr1351
Q55469	murE	slr0528
P73668	murD	sll2010
P74528	murC	slr1423
P74529	murB	slr1424
Q55673	murA	slr0017
P0DJF8	mtnP	sll0135
P74497	mtnA	slr1938
P74013	mtfB	
P72800	msrA2	slr1795
P72622	msrA1	sll1394
P73553	mscL	slr0875
P53383	mrp	slr0067
P74327	mrnC	slr0954
P73218	mrcB	
P74216	mrcA	
Q55986	mraY	sll0657
Q55419	moxR	
P72730	morR	
P72802	mom72	
P74344	moeB	
Q55368	moeA	slr0900
Q55994	modA	
Q55370	moaC/mobA	slr0902
Q55369	moaA	slr0901
Q79EF9	mntC	
Q55282	mntB	sll1600
Q55281	mntA	sll1599
Q55694	mnmG	sll0202
P73839	mnmE	sll1615
P73755	mnmA	sll0844
Q55666	mltA	
Q55899	minE	ssl0546
Q55900	minD	sll0289
Q55901	minC	sll0288
P73127	miaB	sll0996
P74040	miaA	sll0817
P73368	mgtE	
Q55750	mfd	sll0377
P72871	metK	sll0927
Q55786	metH	slr0212
Q55729	metG	slr0649
Q55938	merR	
Q55949	merR	
P73059	merA	
P72818	menG	sll1653
Q55182	menE	
Q55725	menD	sll0603
Q55117	menC	sll0409
P73495	menB	
P73962	menA	slr1518
P72661	me	
Q55383	mdh	sll0891
P73008	mcpA	
P73682	mbpA	
P73377	manA	
P72785	malQ	sll1676
P73468	malK	
P74136	lytR	
Q55763	lytB	
P73443	lysS	slr1550
P74569	lysC	
Q55484	lysA	sll0504
P73540	lspA	slr1366
Q55612	lpxD	slr0776
P72988	lpxC	sll1508
Q57310	lpxB	slr0015
Q55746	lpxA	sll0379
P72740	lpdA	slr1096
P74055	lnt	slr0819
P73753	lmbP	
P72665	llaI.2	
P73350	livH	
P74318	livH	
Q55614	livG	
P73650	livF	
P74519	lipB	slr0994
P73572	lipA2	sll0868
P72980	lipA1	slr1598
P74573	lim17	
P72949	lim	
P72588	ligA	sll1209
P73196	lig	
P72846	lgt	sll1187
P73722	lexA	sll1626
P73274	leuS	sll1074
P74207	leuD	sll1444
P54384	leuC	sll1470
P73960	leuB	slr1517
P48576	leuA	slr0186
P73157	lepB2	slr1377
P72660	lepB1	sll0716
P74751	lepA	slr0604
P73854	lacG	
P73352	lacF	
P73975	kpsT	
P73974	kpsM	
P73870	kdpD	slr1731
P73869	kdpC	slr1730
P73867	kdpB	slr1729
P73866	kdpA	slr1728
P73911	katG	sll1987
P74503	kaiC3	slr1942
P73860	kaiC2	sll1595
P74646	kaiC1	slr0758
Q55819	kaiB3	sll0486
P73859	kaiB2	sll1596
P74645	kaiB1	slr0757
P74644	kaiA	slr0756
P72594	iutA	
Q55643	ispH	slr0348
P73672	ispG	slr2136
P73426	ispF	slr1542
P72663	ispE	sll0711
P74323	ispD	slr0951
P27319	isiB	sll0248
Q55274	isiA	sll0247
P72874	infC	slr0974
P72689	infB	slr0744
P73301	infA	ssl3441
P74717	im30	
Q55141	ilvH	sll0065
P73913	ilvG	
P54691	ilvE	slr0032
P74689	ilvD	slr0452
P29107	ilvC	sll1363
P73918	ilvB	
P73375	ilvA	
P73505	ileS	sll1362
P73401	icsA	
P37979	icfG	slr1860
Q55136	icfA	
P80046	icd	slr1289
Q55638	hypF	sll0322
P73438	hypE	
P72620	hypD	
P74095	hypC	ssl3580
P74218	hypB	sll1432
P73268	hypB	
P73269	hypA2	sll1078
P74263	hypA1	slr1675
P73671	hupE	
P73418	hup	sll1712
P73354	htrA	slr1204
P74702	htpG	
P72977	hsp17	
P73910	hslO	sll1988
P72795	hrcA	sll1670
P74518	hpf	sll0947
P73637	hpcE	
P74021	hoxY	
P74022	hoxU	
P74018	hoxH	
P74024	hoxF	
P52986	hom	sll0455
P73703	hofG	
P73704	hofG	
P72640	hofD	slr1120
P74175	hlyD	
P74176	hlyB	
P74652	hlyB	
P72932	hliA	
P73183	hliA	
Q55534	hitB	
P74592	hisZ	slr1560
Q55653	hisS	slr0357
P74755	hisI	slr0608
Q55805	hisH	slr0084
Q55503	hisG	sll0900
P74106	hisF	sll1893
P73058	hisD	slr1848
P73807	hisC	sll1958
P73417	hisC	
P48054	hisB	slr0500
Q55796	hisB	
P74561	hisA	slr0652
P74199	hik34	slr1285
P73276	hik2	slr1147
P73940	hhoB	sll1427
P72780	hhoA	sll1679
P73963	hglK	
P73965	hflX	
P73245	hemW	sll1917
P74132	hemN	sll1876
Q55665	hemL	sll0017
P72793	hemJ	slr1790
P54225	hemH	slr0839
P72848	hemF	sll1185
P54224	hemE	slr0536
Q55562	hemD	
P73660	hemC	slr1887
P77969	hemB	sll1994
P28463	hemA	slr1808
Q55771	hdrB	
P77966	gyrB	sll2005
Q55738	gyrA	slr0417
P73198	gumB	
P73853	guaB	
Q55552	guaB	
P49057	guaA	slr0213
P15729	gtr	sll0771
P74665	gst1	
Q55139	gst	
P74464	gspF	
Q55155	gspE	
Q55799	gspE	
P74189	gspD	
P73493	gshB	slr1238
Q59978	grpE	sll0057
Q05971	groES	slr2075
P22034	groEL2	sll0416
Q05972	groEL1	slr2076
P73824	gpx2	slr1992
P74250	gpx1	slr1171
P73033	gpsA	slr1755
P74507	gpmI	slr1945
P72649	gpmB	
P52208	gnd	sll0329
P72648	gmk	slr1123
Q55797	gmhA	sll0083
Q55690	glyS	slr0220
Q55716	glyQ	slr0638
P77962	glyA	sll1931
Q55778	gltX	sll0179
P55038	gltS	sll1499
P73275	gltS	
P72762	gltD	
P55037	gltB	sll1502
Q59977	gltA	sll0401
P73903	glsA	slr2079
P74260	glpK	slr1672
P74257	glpD	sll1085
P72933	gloB	sll1019
Q55595	gloA	slr0381
P77970	glnN	
P73544	glnH/glnP	
P74223	glnH	
Q55247	glnB	ssl0707
P77961	glnA	slr1756
Q55504	glmU	sll0899
P72720	glmS	sll0220
P73648	glmM	sll1758
Q55855	glk	sll0593
P72691	glgX	
P73608	glgX	
P73511	glgP	sll1356
P73546	glgP	
P52415	glgC	slr1176
P52981	glgB	sll0158
P72623	glgA2	sll1393
P74521	glgA1	sll0945
P73119	glcF	
P72842	glcE	
Q55124	glcD	
P73925	glbN	slr2097
Q55473	ggtD	slr0531
Q55472	ggtC	slr0530
Q55471	ggtB	slr0529
Q79EE4	ggtA	slr0747
P74181	ggt	slr1269
P74258	ggpS	sll1566
P54386	gdhA	slr0710
P73684	gdh	
P54261	gcvT	sll0171
P74416	gcvP	slr0293
P73560	gcvH	slr0879
P73734	gatD	slr1742
Q55450	gatC	slr0033
P74215	gatB	sll1435
P73558	gatA	slr0877
P80505	gap2	sll1342
P49433	gap1	slr0884
P72903	galE	
P72915	galE	
P73887	galE	
P73043	gad	
Q55585	gabD	slr0370
Q55835	futA2	slr0513
P72827	futA1	slr1295
P74228	fusB	sll1098
P28371	fusA	slr1463
P74739	fur	sll0567
P73084	fur	
Q55674	fumC	slr0018
P73456	ftsZ	sll1633
P73930	ftsY	slr2102
P74180	ftsW	slr1267
P73117	ftsI	
P73437	ftsH4	sll1463
P72991	ftsH3	slr1604
Q55700	ftsH2	slr0228
P73179	ftsH1	slr1390
Q55781	ftrV	ssr0330
Q55389	ftrC	
P74456	frr	sll0145
P73019	frpC	
P74103	frp	slr1964
P73138	frmA	sll0990
P73479	frdA	
Q55902	fraH	
P73248	folP	slr2026
P72736	folK	slr1093
Q55759	folE	slr0426
Q55626	folD	sll0753
P73842	folC	
P74342	folB	slr1626
P74287	fni	sll1556
Q55163	fmt	slr0070
P72599	fhuA	
P72602	fhuA	
P72609	fhuA	
P74214	ffh	slr1531
P73182	feoB	slr1392
P72592	fecE	
P72591	fecD	
P72590	fecC	
P72593	fecB	
P72610	fecB	
P72611	fecB	
P74309	fda	slr0943
P72585	fcl	sll1213
P74324	fbp	slr0952
P73050	fbp	
Q55664	fbaA	sll0018
P73848	fabZ	sll1605
P73016	fabI	slr1051
P73951	fabH	slr1511
P73574	fabG	slr0886
Q55596	fabG	
P73283	fabF	sll1069
P74017	fabF	
P73242	fabD	slr2023
Q55809	erg6	
Q55526	era	slr0321
P72877	epsB	
P74053	entC	
P77972	eno	slr0752
Q55119	efp	slr0434
Q55872	eda	
P73067	dxs	sll1945
Q55663	dxr	sll0019
P72872	dus2	sll0926
Q55724	dus1	slr0644
P73335	dtd3	sll1786
P20169	dspA	sll0698
P74579	dsbD	
Q55233	drgA	slr1719
P74336	dpm1	
P74389	dnaX and dnaZ	
P73507	dnaX	
P72856	dnaN	slr0965
P73098	dnaK3	sll1932
P22358	dnaK2	sll0170
Q55154	dnaK1	sll0058
P73097	dnaJ2	sll1933
Q55505	dnaJ1	sll0897
P72803	dnaJ	
P74143	dnaG	sll1868
P74750	dnaE-N; dnaE-C	slr0603; sll1572
Q55418	dnaB	slr0833
P49995	dnaA	sll0848
P73078	divK	
Q55143	dgkA	slr0054
P73212	dfrA	slr1706
P72721	dfa4	sll0219
P74373	dfa3	sll1521
P72723	dfa2	sll0217
Q55393	dfa1	sll0550
Q55406	desC(des9)	
Q79EF1	desB	
P20388	desA	slr1350
Q08871	des6	sll0262
P74120	der	slr1974
P73618	deoC	sll1776
P74668	degT	
P73441	def	slr1549
P74268	ddpX	slr1679
P73632	ddl	slr1874
P74586	ddh	
P73589	dctP	
Q55828	dapL	sll0480
P74667	dapF	slr1665
P72642	dapB	sll1058
Q55513	dapA	slr0550
P74032	dacB	
Q55728	dacB	
Q55483	dacA	sll0505
P42351	cytM	sll1245
P74547	cysW	slr1454
Q01895	cysT	slr1453
P74330	cysS	slr0958
Q55854	cysR	sll0594
Q55507	cysQ	
P72662	cysM	
P73410	cysK	slr1842
P72794	cysH	slr1791
P74089	cysE	slr1348
P72940	cysC	slr0676
P74548	cysA	slr1455
Q59990	cyp120	slr0574
Q55367	cynS	slr0899
P73160	cydB	
P73159	cydA	
P72951	cyaA	
P73823	cyaA	
P74285	cugP	sll1558
P75023	ctpB	
Q55669	ctpA	slr0008
Q06475	ctaE	slr1138
P73908	ctaE	
Q06473	ctaD	slr1137
P73907	ctaD	
Q06474	ctaC	slr1136
P74044	ctaC	
Q79EF2	ctaB	sll1899
P73688	csgA	
Q55793	csd	slr0077
P73521	cscK	
P77967	cry	sll1629
P72650	crtX	
P74306	crtQ	slr0940
Q55808	crtO	
P72683	crtE	
P37294	crtB	slr1255
Q55804	crhR	slr0083
P72836	crcB	sll1192
P73832	cphB	slr2001
P73833	cphA	slr2002
Q55434	cph2	sll0821
Q55168	cph1	slr0473
P74371	cpcT	slr1649
P73092	cpcS2	slr2049
P73747	cpcS1	sll0853
P74625	cpcL	sll1471
P73093	cpcG	slr2051
P72652	cpcF	sll1051
P73638	cpcE	slr1878
P73202	cpcD	ssl3093
P73204	cpcC2	sll1579
P73203	cpcC1	sll1580
Q54714	cpcB	sll1577
Q54715	cpcA	sll1578
Q55968	corA	sll0671
Q55481	corA	sll0507
P73100	comEc	
P73849	comB	slr1718
P72811	cofH	sll1659
P73191	cofG	sll1285
P73487	codA	
Q55822	cobW	
Q55685	cobU	
Q55714	cobS	slr0636
Q55860	cobQ	slr0618
P73362	cobN	
P74110	cobN	
P74475	cobD	slr1925
Q55749	cobA	sll0378
P73874	cobA	
P74045	coaX	slr0812
Q55515	coaE	slr0553
Q55435	coaD	slr0847
P73881	coaBC	sll0250
Q55459	cmpR	sll0030
Q55463	cmpD	slr0044
Q55462	cmpC	slr0043
Q55461	cmpB	slr0041
Q55460	cmpA	slr0040
Q55510	clpX	sll0535
P73634	clpS	ssl3379
P74466	clpR	slr0164
P74467	clpP3	slr0165
Q59993	clpP2	sll0534
P54416	clpP1	slr0542
Q55662	clpC	
P74361	clpB2	slr1641
P74459	clpB1	slr0156
P74269	cimA	sll1564
P74111	cikA	slr1969
P74550	chrA	
Q55087	chlP	sll1091
P28372	chlN	slr0750
Q55467	chlM	slr0525
P28373	chlL	slr0749
P51634	chlI	slr1030
P73020	chlH	
Q55145	chlG	
P72772	chlD	slr1777
Q55607	chlB	slr0772
P73679	cefD	
P73548	cdsA	slr1369
P73912	ccsB	slr2087
P72978	ccsA	sll1513
Q55550	ccmP	slr0169
Q55121	ccmO	slr0436
P72757	ccmN	sll1032
P72758	ccmM	sll1031
P72759	ccmL	sll1030
P73407	ccmK4	slr1839
P73406	ccmK3	slr1838
P72761	ccmK2	sll1028
P72760	ccmK1	sll1029
P72864	ccmA	
Q54735	ccaA	slr1347
Q55451	cbiX	sll0037
P73547	cbiT	
Q55742	cbiM	
P73644	cbiL	
P72711	cbiJ	slr0252
P72862	cbiH	
P72694	cbiF	
Q55879	cbiE	
P73423	cbiD	slr1538
P74304	cbiC	sll0916
P73002	cbiA	sll1501
P73525	cbbZp	
P54206	cbbS	slr0012
P54205	cbbL	slr0009
P74141	cbaB	
Q6ZEA5	cas2-3	ssr7093
Q6ZEC6	cas2-2	ssr7072
Q6ZEI1	cas2-1	ssr7017
Q6ZEA6	cas1	slr7092
Q6ZEC7	cas1	slr7071
Q6ZEI2	cas1	slr7016
Q55756	carB	sll0370
P74587	carA	sll1498
P72774	cad	
P72782	bvdR	
P72966	btpA	sll0634
Q55895	brkB	
Q55753	braG or livF	
Q55926	blaOXA-3	
P72816	birA	
P72749	bipA	slr1105
P73539	bioY	
Q55650	bioU	slr0355
P74770	bioF	slr0917
Q55849	bioD	slr0523
P73538	bioB	slr1364
Q55415	bicA	sll0834
P73428	bhy	
P74340	bgl	
P24602	bfr	sll1341
P73287	bfr	
P72697	bcp	
P72719	bcp	
Q55373	bchE	slr0905
P73480	bchB	
P27196	atpI	sll1321
P27180	atpH	sll1325
P17253	atpG	sll1327
P27183	atpF2	sll1323
P27181	atpF	sll1324
P27182	atpE	ssl2615
P26527	atpD	slr1329
P26533	atpC	slr1330
P27178	atpB	sll1322
P27179	atpA	sll1326
P73851	aspS	slr1720
Q55128	aspC	sll0402
Q55453	aspC	
Q55679	aspC	
P52276	asnS	sll0495
Q55512	asd	slr0549
Q6YRW7	arsI2	slr6037
Q6ZEM6	arsI1	sll5104
P74312	arsH	slr0945
P74313	arsC	slr0946
P73808	arsA	
P73367	aroQ	sll1112
P72796	aroK	sll1669
Q55869	aroH	
P74591	aroE	slr1559
P23353	aroC	sll1747
P73997	aroB	slr2130
Q59975	aroA	slr0444
Q55486	argS	sll0502
P74122	argJ	sll1883
P73257	argH	slr1133
P77973	argG	slr0585
Q55497	argF	sll0902
P73133	argD	slr1022
P54899	argC	sll0080
P73326	argB	slr1898
P74733	arcC	sll0573
P73809	aqpZ	slr2057
P73935	apt	sll1430
P74527	ape2	
P74551	apcF	slr1459
Q55544	apcE	slr0335
P72870	apcD	sll0928
Q01950	apcC	ssr3383
Q01952	apcB	slr1986
Q01951	apcA	slr2067
P74706	anmK	slr1179
P72763	ank	
Q55528	ams1	
P74390	amiC	
P73105	amiA	
P73581	amiA	
P73736	amiA	
P74654	ama	
P54918	alr	slr0827
P74423	alaS	sll0362
P74008	ahcY	sll1234
P72641	adk2	sll1059
P73302	adk1	sll1815
P74721	adhA	slr1192
Q79EF3	act	
P74134	acsF2	sll1874
P72584	acsF1	sll1214
Q55404	acsA	sll0542
P20804	acpP	ssl2084
P74582	acnB	slr0665
P73162	ackA	sll1299
Q57417	accD	sll0336
Q55160	accC	
Q55120	accB	
P74638	accA	sll0728
Q55841	abfB	
P73571	aat	sll0869
P74167	MgdE	sll1376
P73472	IAP75	
P73363	ETR1	
